{"train/loss": 7.7882, "train/grad_norm": 12.045416831970215, "train/learning_rate": 3.9682539682539683e-07, "train/epoch": 0.0, "train/global_step": 1, "_timestamp": 1710830590.3312154, "_runtime": 9.060862302780151, "_step": 0}